device,param,value
nmos,vth,0.7824969770478845
nmos,id,0.00016411332246140818
nmos,u0,0.0935552
nmos,vsat,236293
nmos,toxe,0.000000004148
nmos,epsrox,3.9
nmos,cox,0.008324638379942139
nmos,ec,2525706.74852921
nmos,gm,0.00018978813669118596
nmos,cgg,0.000000000000000359941469897235
nmos,cgs,-0.00000000000000030032357326074907
nmos,cgd,-0.000000000000000002412827156262913
nmos,cdb,-0.000000000000000025592288049181464
nmos,csb,-0.000000000000000037840737888967645
nmos,vgsteff,0.9815413757560877
nmos,weff,0.00000037628199999999993
nmos,leff,0.00000012613599999999999
pmos,vth,0.7014730623676553
pmos,id,0.00006116485133741526
pmos,u0,0.00177134
pmos,vsat,122458
pmos,toxe,0.00000000423
pmos,epsrox,3.9
pmos,cox,0.008163262411347516
pmos,ec,69132972.77767114
pmos,gm,0.0000771653125402179
pmos,cgg,0.0000000000000004210606249896646
pmos,cgs,-0.0000000000000003274790835200927
pmos,cgd,0.000000000000000002857585242344232
pmos,cdb,-0.000000000000000027367788799361312
pmos,csb,-0.00000000000000004002183986411789
pmos,vgsteff,1.050590960445859
pmos,weff,0.00000040539219999999994
pmos,leff,0.000000177988
